aidrin_full_tour,https://drive.google.com/uc?export=download&id=1dngd2AfWkM_8NMXfjE5T7hrXGmh9C4_9
aidrin_readiness_gate,https://drive.google.com/uc?export=download&id=1QxNup8WG0x1r7VNIB8NplnHrYX0ISv2J
comb-flow-uni,https://drive.google.com/uc?export=download&id=1g53VKzl5rzr0rJsE7KmZkngjNyi3EbuW
cryoem,https://drive.google.com/uc?export=download&id=1xNTL9vqSD4HnWMnpmgwihq-viU0Cus7V
fusion-fm,https://drive.google.com/uc?export=download&id=1qhlcl6Bou4JE2XPzlU3MdFmGlyeFHpHL
genesis_skills,https://drive.google.com/uc?export=download&id=1nji0Avc-n952isq5aKGLoZgTkYHe0jzR
isaac_skills_demo,https://drive.google.com/uc?export=download&id=19PNObF-FZkGITNJ_VIZH8j9BHWSqRPrH
isaac_vasp,https://drive.google.com/uc?export=download&id=1uH0r7ryF9nUJaE1fxXZMAzBjiE4TXxWu
microbial_isolates,https://drive.google.com/uc?export=download&id=1wzS-RwP89bAKDYFXiqssTg7knf6LLCUT
tokamak_stability,https://drive.google.com/uc?export=download&id=1Czzwec9go5JV7tCCli8YJcVOKJqirFgb
